DUO,pbb_duo_imgs/ImageURL
ACLEY,pbb_duo_imgs/ACLEY.JPG
CHARBI,pbb_duo_imgs/CHARBI.JPG
DUSNYR,pbb_duo_imgs/DUSNYR.JPG
JOKLA,pbb_duo_imgs/JOKLA.JPG
KIZ,pbb_duo_imgs/KIZ.JPG
MENT,pbb_duo_imgs/MENT.JPG
RAMI,pbb_duo_imgs/RAMI.JPG
WILVER,pbb_duo_imgs/WILVER.JPG